name,slug,category,india_status,earn_min_inr_month,earn_max_inr_month,one_time_only,effort_hours_week_min,effort_hours_week_max,startup_cost_inr,risk_level,payout_method,payout_threshold,payout_timing,fees,requirements,verdict,official_url,last_verified,report,sources
Urban Company (partner),urban-company,gig-delivery,open,18000,51673,false,21,21,0,low,Weekly bank transfer,None,Weekly,"Platform commission; earnings index is net of commissions, fees, travel and product costs","Professional skill (beauty, cleaning, repairs), smartphone, kits/training; NSDC-certified credentials; insurance ₹10 L life + ₹6 L disability",Highest realistic net of any platform reviewed; best if you have a saleable service skill.,https://www.urbancompany.com/,2026-02-04,earn-02,https://investorrelations.urbancompany.com/announcements-and-highlights/service-partners-earnings-index-9m-fy26
Swiggy (food delivery),swiggy-food,gig-delivery,open,8000,28000,false,50,70,0,medium,Weekly bank transfer (Mon–Sun cycle paid Wed/Thu),None,Weekly (Wed/Thu),None; 1% TDS deducted (refundable on ITR),"18+; Aadhaar, PAN, 2-wheeler DL, RC, bank account, Android smartphone; no education requirement",Most widely available delivery channel; realistic net ~₹18k–28k in metros on a full-time schedule.,https://ride.swiggy.com/,2026-07-01,earn-02,https://alphareach.tech/blog/swiggy-delivery-partner-salary/; https://www.pickmywork.com/blinkit-zepto-swiggy-delivery-partner-earnings-2026/
Zomato (food delivery),zomato,gig-delivery,open,9000,28000,false,55,70,0,medium,Weekly bank transfer (Mon–Sun cycle),None,Weekly,None; 1% TDS deducted (refundable on ITR),"18+; Aadhaar, PAN, DL, RC, bank account; bicycle/low-speed EV riders do not need a DL",Broad availability and weekly pay; metro net in line with other food-delivery platforms.,https://www.zomato.com/deliver-food,2026-08-01,earn-02,https://alphareach.tech/blog/zomato-delivery-partner-per-day-income/; https://www.linkedin.com/posts/ashish-rai-4a70b618b_gigeconomy-zomato-swiggy-activity-7413444366427672576-gDYD
Blinkit,blinkit,gig-delivery,open,10000,27000,false,48,65,0,medium,Weekly and daily (in-app 'pocket'),None,Weekly and daily,None; 1% TDS deducted (refundable on ITR),"18+; Aadhaar, PAN, DL, RC, bank account; insurance ₹10 L life + ₹1 L health",Short dark-store trips keep costs low; ranked among the best net-per-hour delivery options.,https://blinkit.com/delivery,2026-04-21,earn-02,https://blinkit.com/delivery; https://www.pickmywork.com/blinkit-zepto-swiggy-delivery-partner-earnings-2026/; https://alphareach.tech/blog/blinkit-delivery-partner-salary/
Flipkart / Ekart delivery partner,flipkart-ekart,gig-delivery,open,12000,27000,false,48,60,0,medium,Weekly bank transfer,None,Weekly,None; 1% TDS deducted (refundable on ITR),"18+; Aadhaar, PAN, DL, RC, bank account",Predictable e-commerce runs; metro net mid-band with reliability bonuses.,https://www.ekartlogistics.in/delivery-partner,2026-09-04,earn-02,https://play.google.com/store/apps/details?id=com.ekartkiranaonboarding&hl=en_IN; https://www.ekartlogistics.in/delivery-partner; https://www.ambitionbox.com/salaries/swiggy-salaries/delivery-partner
Swiggy Instamart,swiggy-instamart,gig-delivery,open,8000,25000,false,45,60,0,medium,Weekly bank transfer,None,Weekly,None; 1% TDS deducted (refundable on ITR),"18+; Aadhaar, PAN, DL, RC, bank account, Android smartphone",Short dark-store trips keep fuel lower than food delivery; decent metro net.,https://ride.swiggy.com/,2026-07-01,earn-02,https://alphareach.tech/blog/swiggy-delivery-partner-salary/; https://www.pickmywork.com/blinkit-zepto-swiggy-delivery-partner-earnings-2026/
Zepto,zepto,gig-delivery,open,10000,25000,false,48,65,0,medium,Weekly bank transfer (Tue/Wed for the prior week),None,Weekly (Tue/Wed),None; 1% TDS deducted (refundable on ITR),"18+; Aadhaar, PAN, DL, RC, bank account",Comparable to Blinkit; strong insurance and referral perks for quick-commerce riders.,https://rider.zepto.co.in/,2026-04-21,earn-02,https://rider.zepto.co.in/; https://www.pickmywork.com/blinkit-zepto-swiggy-delivery-partner-earnings-2026/
BigBasket / BB Now,bigbasket-bb-now,gig-delivery,open,10000,24000,false,48,60,0,medium,Weekly bank transfer,None,Weekly,None; 1% TDS deducted (refundable on ITR),"18+; Aadhaar, PAN, DL, RC, bank account",Steady grocery-delivery work; net sits in the middle of the quick-commerce band.,https://riders.bigbasket.com/,2026-09-13,earn-02,https://riders.bigbasket.com/; https://www.ambitionbox.com/salaries/swiggy-salaries/delivery-partner
Amazon Flex (India),amazon-flex,gig-delivery,open,10000,20000,false,20,35,0,medium,As early as next day to your selected payment day,None,Next day to selected payment day,1% TDS deducted (refundable on ITR),"18+ (2-wheeler/e-bike) or 20+ (3-wheeler); PAN mandatory; Android 13+ with 3 GB RAM; DL, RC, insurance, PUC; background check","Good top-up income at up to ₹140/hour, but never a reliable full-time job.",https://flex.amazon.in/why-flex,2026-09-13,earn-02,https://flex.amazon.in/why-flex; https://flex.amazon.in/faq
Porter,porter,gig-delivery,open,10000,20000,false,45,60,0,medium,Instant/weekly,None,Instant/weekly,Porter charges up to ~30% commission on the driver's fare,"2-wheeler/3-wheeler/tempo RC, DL, insurance, PAN, bank account",Solid logistics option for 2-wheeler owners; watch the ~30% commission.,https://porter.in/partners,2026-07-24,earn-02,https://www.smarther.co/business-model/porter-business-model-revenue-stream/; https://porter.in/partners; https://www.ambitionbox.com/salaries/swiggy-salaries/delivery-partner
